SubjectID,StimulusType,RT,accuracy
1,0,289.0,0.95
1,1,409.1625,1.0
2,0,387.5,0.9
2,1,340.3375,1.0
3,0,260.6666666666667,0.85
3,1,309.8625,1.0
4,0,237.66666666666666,0.85
4,1,310.9125,1.0
5,0,0.0,1.0
5,1,470.825,1.0
6,0,255.0,0.95
6,1,404.9125,1.0
7,0,0.0,1.0
7,1,357.2,1.0
8,0,272.0,0.85
8,1,337.725,1.0
